in,"Tue, 29 Jul 2014 23:50:38"
out,"Tue, 29 Jul 2014 23:51:01"
in,"Tue, 29 Jul 2014 23:51:12"
in,"Wed, 30 Jul 2014 00:14:33"
out,"Wed, 30 Jul 2014 00:16:56"
in,"Wed, 30 Jul 2014 00:17:43"
in,"Tue, 05 Aug 2014 03:46:24"
in,"Tue, 05 Aug 2014 03:47:05"
in,"Tue, 05 Aug 2014 05:06:44"
in,"Tue, 05 Aug 2014 05:07:01"
in,"Tue, 05 Aug 2014 05:07:39"
out,"Tue, 05 Aug 2014 05:08:17"
in,"Tue, 05 Aug 2014 05:08:36"
in,"Tue, 05 Aug 2014 05:08:53"
in,"Tue, 05 Aug 2014 05:09:41"
in,"Tue, 05 Aug 2014 05:09:52"
out,"Tue, 05 Aug 2014 05:10:05"
in,"Tue, 05 Aug 2014 05:10:14"
out,"Tue, 05 Aug 2014 05:10:30"
in,"Tue, 05 Aug 2014 05:10:31"
in,"Tue, 05 Aug 2014 07:53:06"
in,"Mon, 25 Aug 2014 04:36:10"
in,"Sat, 15 Nov 2014 05:44:21"
